,Dataset,n_shapelets,p_norm,lengths,percentiles,acc_mean,acc_std,shapelet_sizes
0,ArrowHead,100.0,,,,0.8182857142857143,0.0552131306476853,
1,ArrowHead,1000.0,,,,0.8845714285714286,0.0141824841668466,
2,ArrowHead,10000.0,,,,0.8777142857142858,0.0267047347326809,
3,ArrowHead,20000.0,,,,0.8765714285714286,0.027665642141509,
4,ArrowHead,30000.0,,,,0.8742857142857143,0.0234216017507647,
5,ArrowHead,,1.0,,,0.8811428571428571,0.0223953347911604,
6,ArrowHead,,0.9,,,0.8742857142857143,0.0219832960704815,
7,ArrowHead,,0.8,,,0.8731428571428571,0.023808761892571,
8,ArrowHead,,0.7,,,0.8697142857142858,0.0287764075703181,
9,ArrowHead,,0.6,,,0.8674285714285714,0.0199263951704716,
10,ArrowHead,,0.5,,,0.8560000000000001,0.0290024629495988,
11,ArrowHead,,,,,0.8777142857142858,0.0241356709507918,[5]
12,ArrowHead,,,,,0.8765714285714286,0.0259607238665155,[7]
13,ArrowHead,,,,,0.8800000000000001,0.0173322867292606,[9]
14,ArrowHead,,,,,0.8811428571428571,0.0195959179422654,[11]
15,ArrowHead,,,,,0.8788571428571428,0.0167185586723746,"[5, 7, 9]"
16,ArrowHead,,,,,0.8765714285714286,0.0235883056463431,"[7, 9, 11]"
17,ArrowHead,,,,"[0, 5]",0.8822857142857143,0.0221608222053317,
18,ArrowHead,,,,"[5, 10]",0.8822857142857143,0.0212583717002722,
19,ArrowHead,,,,"[10, 15]",0.8742857142857143,0.0236987901180888,
20,ArrowHead,,,,"[15, 20]",0.8720000000000001,0.0221608222053317,
21,ArrowHead,,,,"[0, 10]",0.881142857142857,0.0171047194823951,
22,ArrowHead,,,,"[5, 15]",0.8765714285714286,0.0249341991191673,
23,ArrowHead,,,,"[10, 20]",0.8765714285714286,0.0215633854447007,
24,ECG5000,100.0,,,,0.9379111111111113,0.0021526899623666,
25,ECG5000,1000.0,,,,0.9441777777777778,0.0012911856930074,
26,ECG5000,10000.0,,,,0.9473777777777777,0.0012680304549055,
27,ECG5000,20000.0,,,,0.9479555555555556,0.0016888888888888,
28,ECG5000,30000.0,,,,0.9482222222222224,0.0011674600476945,
29,ECG5000,,1.0,,,0.9477777777777778,0.0013553733939534,
30,ECG5000,,0.9,,,0.947688888888889,0.0014442734941575,
31,ECG5000,,0.8,,,0.9475111111111112,0.0016232873215777,
32,ECG5000,,0.7,,,0.9468,0.0017811079919568,
33,ECG5000,,0.6,,,0.9465333333333332,0.0019198765392404,
34,ECG5000,,0.5,,,0.9462666666666668,0.0016232873215777,
35,ECG5000,,,,,0.9471555555555556,0.0015098033556856,[5]
36,ECG5000,,,,,0.947377777777778,0.0010740485309861,[7]
37,ECG5000,,,,,0.9475111111111112,0.0014767331311854,[9]
38,ECG5000,,,,,0.9476888888888888,0.0020492696681597,[11]
39,ECG5000,,,,,0.947688888888889,0.001581373055525,"[5, 7, 9]"
40,ECG5000,,,,,0.947111111111111,0.001680681813439,"[7, 9, 11]"
41,ECG5000,,,,"[0, 5]",0.9481777777777778,0.0014700298140925,
42,ECG5000,,,,"[5, 10]",0.9481777777777778,0.0018772188517282,
43,ECG5000,,,,"[10, 15]",0.9475111111111112,0.0015801234519672,
44,ECG5000,,,,"[15, 20]",0.9472444444444446,0.0013079056861833,
45,ECG5000,,,,"[0, 10]",0.9477777777777778,0.0015962919996504,
46,ECG5000,,,,"[5, 15]",0.948,0.0014263828031894,
47,ECG5000,,,,"[10, 20]",0.9475555555555556,0.0013984117975602,
48,ToeSegmentation2,100.0,,,,0.9215384615384616,0.0297524301627903,
49,ToeSegmentation2,1000.0,,,,0.946153846153846,0.0212062288493695,
50,ToeSegmentation2,10000.0,,,,0.9476923076923076,0.0171315826548615,
51,ToeSegmentation2,20000.0,,,,0.9507692307692308,0.0150737830325118,
52,ToeSegmentation2,30000.0,,,,0.9492307692307692,0.0172691879389566,
53,ToeSegmentation2,,1.0,,,0.9476923076923076,0.0132343465646809,
54,ToeSegmentation2,,0.9,,,0.9523076923076924,0.0178089798504464,
55,ToeSegmentation2,,0.8,,,0.9446153846153846,0.0123076923076922,
56,ToeSegmentation2,,0.7,,,0.94,0.0132343465646809,
57,ToeSegmentation2,,0.6,,,0.9415384615384615,0.0142671053776856,
58,ToeSegmentation2,,0.5,,,0.94,0.0123076923076923,
59,ToeSegmentation2,,,,,0.9446153846153846,0.0089706952228389,[5]
60,ToeSegmentation2,,,,,0.9492307692307692,0.0158394309861338,[7]
61,ToeSegmentation2,,,,,0.9492307692307692,0.0179413904456778,[9]
62,ToeSegmentation2,,,,,0.9507692307692308,0.0172691879389566,[11]
63,ToeSegmentation2,,,,,0.9476923076923076,0.0149159380228194,"[5, 7, 9]"
64,ToeSegmentation2,,,,,0.946153846153846,0.0153846153846153,"[7, 9, 11]"
65,ToeSegmentation2,,,,"[0, 5]",0.9430769230769231,0.0185893014978378,
66,ToeSegmentation2,,,,"[5, 10]",0.9415384615384615,0.0179413904456778,
67,ToeSegmentation2,,,,"[10, 15]",0.9476923076923076,0.0197019207305626,
68,ToeSegmentation2,,,,"[15, 20]",0.9492307692307692,0.0092307692307692,
69,ToeSegmentation2,,,,"[0, 10]",0.94,0.0208687076403854,
70,ToeSegmentation2,,,,"[5, 15]",0.9492307692307692,0.0150737830325118,
71,ToeSegmentation2,,,,"[10, 20]",0.9476923076923076,0.0156892908110547,
72,MiddlePhalanxOutlineAgeGroup,100.0,,,,0.7142857142857142,0.0471841613625583,
73,MiddlePhalanxOutlineAgeGroup,1000.0,,,,0.7194805194805195,0.054853797615436,
74,MiddlePhalanxOutlineAgeGroup,10000.0,,,,0.7155844155844157,0.0532942455290472,
75,MiddlePhalanxOutlineAgeGroup,20000.0,,,,0.7116883116883117,0.0578760518315771,
76,MiddlePhalanxOutlineAgeGroup,30000.0,,,,0.7038961038961038,0.0523684289705349,
77,MiddlePhalanxOutlineAgeGroup,,1.0,,,0.712987012987013,0.0588585412655826,
78,MiddlePhalanxOutlineAgeGroup,,0.9,,,0.7025974025974027,0.0491794707240558,
79,MiddlePhalanxOutlineAgeGroup,,0.8,,,0.7168831168831169,0.0536412374754893,
80,MiddlePhalanxOutlineAgeGroup,,0.7,,,0.7090909090909091,0.0534522483824848,
81,MiddlePhalanxOutlineAgeGroup,,0.6,,,0.7155844155844155,0.0594288892916755,
82,MiddlePhalanxOutlineAgeGroup,,0.5,,,0.7051948051948052,0.0557988339193268,
83,MiddlePhalanxOutlineAgeGroup,,,,,0.6935064935064935,0.0531357728453994,[5]
84,MiddlePhalanxOutlineAgeGroup,,,,,0.7142857142857143,0.0702980187154512,[7]
85,MiddlePhalanxOutlineAgeGroup,,,,,0.7168831168831169,0.0465725222780288,[9]
86,MiddlePhalanxOutlineAgeGroup,,,,,0.7103896103896103,0.058743807157915,[11]
87,MiddlePhalanxOutlineAgeGroup,,,,,0.7012987012987013,0.0501305430275812,"[5, 7, 9]"
88,MiddlePhalanxOutlineAgeGroup,,,,,0.7142857142857142,0.0549459631202757,"[7, 9, 11]"
89,MiddlePhalanxOutlineAgeGroup,,,,"[0, 5]",0.7116883116883117,0.0584559866749449,
90,MiddlePhalanxOutlineAgeGroup,,,,"[5, 10]",0.7168831168831169,0.0550379742867976,
91,MiddlePhalanxOutlineAgeGroup,,,,"[10, 15]",0.7103896103896103,0.0634372713860769,
92,MiddlePhalanxOutlineAgeGroup,,,,"[15, 20]",0.7116883116883116,0.0620936783786073,
93,MiddlePhalanxOutlineAgeGroup,,,,"[0, 10]",0.7103896103896103,0.055190985352924,
94,MiddlePhalanxOutlineAgeGroup,,,,"[5, 15]",0.7168831168831169,0.059172912986465,
95,MiddlePhalanxOutlineAgeGroup,,,,"[10, 20]",0.7077922077922078,0.0541731262717252,
96,UWaveGestureLibraryZ,100.0,,,,0.7384142936906756,0.0079060872465138,
97,UWaveGestureLibraryZ,1000.0,,,,0.7789503070910107,0.0058809636482231,
98,UWaveGestureLibraryZ,10000.0,,,,0.7936906756002233,0.00521688827551,
99,UWaveGestureLibraryZ,20000.0,,,,0.796929089893914,0.0048790736515809,
100,UWaveGestureLibraryZ,30000.0,,,,0.7969849246231154,0.008538150688382,
101,UWaveGestureLibraryZ,,1.0,,,0.7830262423227248,0.0050046110196083,
102,UWaveGestureLibraryZ,,0.9,,,0.7940256839754327,0.004426113050275,
103,UWaveGestureLibraryZ,,0.8,,,0.7943606923506421,0.0043271014561692,
104,UWaveGestureLibraryZ,,0.7,,,0.796538246789503,0.0061199549882277,
105,UWaveGestureLibraryZ,,0.6,,,0.7965382467895031,0.0068597231264658,
106,UWaveGestureLibraryZ,,0.5,,,0.7969290898939141,0.0078617995233181,
107,UWaveGestureLibraryZ,,,,,0.7964265773310999,0.0039889606029015,[5]
108,UWaveGestureLibraryZ,,,,,0.7928531546621999,0.0069982992101322,[7]
109,UWaveGestureLibraryZ,,,,,0.7931323283082078,0.0066838625356316,[9]
110,UWaveGestureLibraryZ,,,,,0.7926298157453937,0.0046594407694081,[11]
111,UWaveGestureLibraryZ,,,,,0.7970965940815187,0.0058703520126412,"[5, 7, 9]"
112,UWaveGestureLibraryZ,,,,,0.7940256839754327,0.00528339351968,"[7, 9, 11]"
113,UWaveGestureLibraryZ,,,,"[0, 5]",0.7973199329983249,0.0054592547455411,
114,UWaveGestureLibraryZ,,,,"[5, 10]",0.7920714684533781,0.0063988645931248,
115,UWaveGestureLibraryZ,,,,"[10, 15]",0.7916806253489671,0.004450696903044,
116,UWaveGestureLibraryZ,,,,"[15, 20]",0.7906756002233389,0.0063302893555779,
117,UWaveGestureLibraryZ,,,,"[0, 10]",0.7967615857063095,0.0043964309737642,
118,UWaveGestureLibraryZ,,,,"[5, 15]",0.7934115019542156,0.0064319087673184,
119,UWaveGestureLibraryZ,,,,"[10, 20]",0.7917922948073702,0.0058517353463199,
120,SonyAIBORobotSurface1,100.0,,,,0.876206322795341,0.0491972542098538,
121,SonyAIBORobotSurface1,1000.0,,,,0.8945091514143094,0.0283272678136844,
122,SonyAIBORobotSurface1,10000.0,,,,0.8981697171381032,0.0327985446331678,
123,SonyAIBORobotSurface1,20000.0,,,,0.8965058236272878,0.03261231281198,
124,SonyAIBORobotSurface1,30000.0,,,,0.9004991680532445,0.0354748964292484,
125,SonyAIBORobotSurface1,,1.0,,,0.886522462562396,0.0371521750068628,
126,SonyAIBORobotSurface1,,0.9,,,0.8951747088186355,0.0335265252572543,
127,SonyAIBORobotSurface1,,0.8,,,0.9024958402662228,0.0325477305459402,
128,SonyAIBORobotSurface1,,0.7,,,0.907820299500832,0.0317206362590149,
129,SonyAIBORobotSurface1,,0.6,,,0.9108153078202996,0.032785036171049,
130,SonyAIBORobotSurface1,,0.5,,,0.919800332778702,0.0304887771608555,
131,SonyAIBORobotSurface1,,,,,0.892512479201331,0.0373187241767086,[5]
132,SonyAIBORobotSurface1,,,,,0.89783693843594,0.0343359252310685,[7]
133,SonyAIBORobotSurface1,,,,,0.8948419301164726,0.0324762007288009,[9]
134,SonyAIBORobotSurface1,,,,,0.8895174708818636,0.0367505828746183,[11]
135,SonyAIBORobotSurface1,,,,,0.8975041597337772,0.0314224868795018,"[5, 7, 9]"
136,SonyAIBORobotSurface1,,,,,0.8988352745424294,0.0333675994944562,"[7, 9, 11]"
137,SonyAIBORobotSurface1,,,,"[0, 5]",0.9098169717138104,0.0240062413269503,
138,SonyAIBORobotSurface1,,,,"[5, 10]",0.9011647254575706,0.0320160092400817,
139,SonyAIBORobotSurface1,,,,"[10, 15]",0.8935108153078204,0.035794986514542,
140,SonyAIBORobotSurface1,,,,"[15, 20]",0.8785357737104824,0.0381318509434441,
141,SonyAIBORobotSurface1,,,,"[0, 10]",0.9064891846921797,0.0267757639798887,
142,SonyAIBORobotSurface1,,,,"[5, 15]",0.9001663893510816,0.0366207804186017,
143,SonyAIBORobotSurface1,,,,"[10, 20]",0.887188019966722,0.037032752727437,
144,ScreenType,100.0,,,,0.5194666666666666,0.046261863343363,
145,ScreenType,1000.0,,,,0.6362666666666665,0.0621647988995558,
146,ScreenType,10000.0,,,,0.6607999999999999,0.0725098001039246,
147,ScreenType,20000.0,,,,0.6736000000000001,0.073429754792515,
148,ScreenType,30000.0,,,,0.6656,0.072297656332077,
149,ScreenType,,1.0,,,0.6570666666666667,0.0783219566206621,
150,ScreenType,,0.9,,,0.6624,0.0727682470434582,
151,ScreenType,,0.8,,,0.6602666666666667,0.0628473989561664,
152,ScreenType,,0.7,,,0.6522666666666667,0.0821852649674975,
153,ScreenType,,0.6,,,0.6666666666666667,0.0756130500200417,
154,ScreenType,,0.5,,,0.6469333333333334,0.0785576645952937,
155,ScreenType,,,,,0.6576,0.0545096933275785,[5]
156,ScreenType,,,,,0.6608,0.0680789084649407,[7]
157,ScreenType,,,,,0.6464000000000001,0.0789909699480474,[9]
158,ScreenType,,,,,0.6410666666666667,0.0661548352142322,[11]
159,ScreenType,,,,,0.6704,0.0711275536546062,"[5, 7, 9]"
160,ScreenType,,,,,0.6725333333333333,0.0668137045156988,"[7, 9, 11]"
161,ScreenType,,,,"[0, 5]",0.6725333333333333,0.069033196523283,
162,ScreenType,,,,"[5, 10]",0.6645333333333332,0.0797043425556112,
163,ScreenType,,,,"[10, 15]",0.6624,0.0805774713483172,
164,ScreenType,,,,"[15, 20]",0.6624,0.0694276281861591,
165,ScreenType,,,,"[0, 10]",0.6656,0.0763728864046513,
166,ScreenType,,,,"[5, 15]",0.6661333333333334,0.077625196367617,
167,ScreenType,,,,"[10, 20]",0.6538666666666667,0.080662148633806,
168,InsectWingbeatSound,100.0,,,,0.6255555555555556,0.0189204619181456,
169,InsectWingbeatSound,1000.0,,,,0.6577777777777778,0.0126266666602022,
170,InsectWingbeatSound,10000.0,,,,0.6677777777777777,0.0112634189148981,
171,InsectWingbeatSound,20000.0,,,,0.6658585858585859,0.0127472986589191,
172,InsectWingbeatSound,30000.0,,,,0.6679797979797979,0.0130869491454236,
173,InsectWingbeatSound,,1.0,,,0.6636363636363637,0.0091635704485185,
174,InsectWingbeatSound,,0.9,,,0.6622222222222222,0.0099862163959297,
175,InsectWingbeatSound,,0.8,,,0.6658585858585858,0.0121573535266085,
176,InsectWingbeatSound,,0.7,,,0.6644444444444444,0.0173684511572704,
177,InsectWingbeatSound,,0.6,,,0.6629292929292929,0.0115593692936727,
178,InsectWingbeatSound,,0.5,,,0.662929292929293,0.0151265788064963,
179,InsectWingbeatSound,,,,,0.6656565656565656,0.0109678551944568,[5]
180,InsectWingbeatSound,,,,,0.6678787878787878,0.0117952812743393,[7]
181,InsectWingbeatSound,,,,,0.6627272727272727,0.0137143300488543,[9]
182,InsectWingbeatSound,,,,,0.6640404040404041,0.0124262953054752,[11]
183,InsectWingbeatSound,,,,,0.6654545454545455,0.0101544043328179,"[5, 7, 9]"
184,InsectWingbeatSound,,,,,0.6666666666666667,0.0131351975606633,"[7, 9, 11]"
185,InsectWingbeatSound,,,,"[0, 5]",0.6634343434343435,0.0141146933697313,
186,InsectWingbeatSound,,,,"[5, 10]",0.6653535353535353,0.0106353611621938,
187,InsectWingbeatSound,,,,"[10, 15]",0.6664646464646464,0.0126790814420308,
188,InsectWingbeatSound,,,,"[15, 20]",0.6641414141414141,0.0099994898349612,
189,InsectWingbeatSound,,,,"[0, 10]",0.6668686868686869,0.0148405805939,
190,InsectWingbeatSound,,,,"[5, 15]",0.6657575757575758,0.0135797553036394,
191,InsectWingbeatSound,,,,"[10, 20]",0.6638383838383839,0.0131336439267871,
192,FreezerRegularTrain,100.0,,,,0.9938947368421052,0.00157855745673,
193,FreezerRegularTrain,1000.0,,,,0.9937543859649122,0.0023735487053035,
194,FreezerRegularTrain,10000.0,,,,0.9960701754385966,0.0013929426835985,
195,FreezerRegularTrain,20000.0,,,,0.9964210526315788,0.001445000721542,
196,FreezerRegularTrain,30000.0,,,,0.9966315789473684,0.0016246788635495,
197,FreezerRegularTrain,,1.0,,,0.9966315789473684,0.0009570653822446,
198,FreezerRegularTrain,,0.9,,,0.996280701754386,0.0016695266320519,
199,FreezerRegularTrain,,0.8,,,0.9952280701754386,0.0014820148829433,
200,FreezerRegularTrain,,0.7,,,0.9955087719298248,0.0016958661015571,
201,FreezerRegularTrain,,0.6,,,0.9946666666666668,0.0010502897927786,
202,FreezerRegularTrain,,0.5,,,0.9938245614035088,0.0009570653822446,
203,FreezerRegularTrain,,,,,0.9939649122807016,0.0016517336555705,[5]
204,FreezerRegularTrain,,,,,0.994877192982456,0.0015470461533367,[7]
205,FreezerRegularTrain,,,,,0.9957894736842106,0.0011742596863635,[9]
206,FreezerRegularTrain,,,,,0.9964912280701752,0.0016155599204521,[11]
207,FreezerRegularTrain,,,,,0.9952280701754386,0.0017836161441598,"[5, 7, 9]"
208,FreezerRegularTrain,,,,,0.9960701754385966,0.0012825029391226,"[7, 9, 11]"
209,FreezerRegularTrain,,,,"[0, 5]",0.9955789473684212,0.0011445267670385,
210,FreezerRegularTrain,,,,"[5, 10]",0.9966315789473684,0.0008764909471436,
211,FreezerRegularTrain,,,,"[10, 15]",0.9965614035087718,0.0013751521362993,
212,FreezerRegularTrain,,,,"[15, 20]",0.996140350877193,0.0012553364084209,
213,FreezerRegularTrain,,,,"[0, 10]",0.9960701754385964,0.0009519059625438,
214,FreezerRegularTrain,,,,"[5, 15]",0.9960701754385966,0.0012825029391226,
215,FreezerRegularTrain,,,,"[10, 20]",0.996140350877193,0.0009149757761687,
216,ECGFiveDays,100.0,,,,0.9930313588850174,0.0052969822304257,
217,ECGFiveDays,1000.0,,,,0.9921022067363532,0.0046689317635869,
218,ECGFiveDays,10000.0,,,,0.994192799070848,0.004219721747871,
219,ECGFiveDays,20000.0,,,,0.994425087108014,0.0044317732934585,
220,ECGFiveDays,30000.0,,,,0.9946573751451802,0.0037166085946573,
221,ECGFiveDays,,1.0,,,0.9951219512195122,0.0034765690004868,
222,ECGFiveDays,,0.9,,,0.994192799070848,0.0040233468236211,
223,ECGFiveDays,,0.8,,,0.9932636469221836,0.0043704733384963,
224,ECGFiveDays,,0.7,,,0.9925667828106852,0.0060394889663182,
225,ECGFiveDays,,0.6,,,0.989082462253194,0.0088939325059589,
226,ECGFiveDays,,0.5,,,0.9883855981416956,0.0091451891684225,
227,ECGFiveDays,,,,,0.9851335656213704,0.0093609485154982,[5]
228,ECGFiveDays,,,,,0.9923344947735192,0.0057652374661978,[7]
229,ECGFiveDays,,,,,0.994425087108014,0.0039829101508669,[9]
230,ECGFiveDays,,,,,0.9960511033681764,0.0025018187257303,[11]
231,ECGFiveDays,,,,,0.9909407665505228,0.0069453734670039,"[5, 7, 9]"
232,ECGFiveDays,,,,,0.9939605110336818,0.0040500803192015,"[7, 9, 11]"
233,ECGFiveDays,,,,"[0, 5]",0.9923344947735192,0.0074404726494991,
234,ECGFiveDays,,,,"[5, 10]",0.994192799070848,0.004219721747871,
235,ECGFiveDays,,,,"[10, 15]",0.9934959349593496,0.0040633811113904,
236,ECGFiveDays,,,,"[15, 20]",0.9918699186991872,0.005545800876336,
237,ECGFiveDays,,,,"[0, 10]",0.9937282229965156,0.005574912891986,
238,ECGFiveDays,,,,"[5, 15]",0.994192799070848,0.0038168819338339,
239,ECGFiveDays,,,,"[10, 20]",0.9934959349593496,0.0040633811113904,
240,Rock,100.0,,,,0.8520000000000001,0.056,
241,Rock,1000.0,,,,0.852,0.0601331855134916,
242,Rock,10000.0,,,,0.8640000000000001,0.048,
243,Rock,20000.0,,,,0.8640000000000001,0.048,
244,Rock,30000.0,,,,0.8560000000000001,0.0527636238330916,
245,Rock,,1.0,,,0.852,0.0483321838943782,
246,Rock,,0.9,,,0.8640000000000001,0.048,
247,Rock,,0.8,,,0.8640000000000001,0.0557135531087364,
248,Rock,,0.7,,,0.8520000000000001,0.078587530817554,
249,Rock,,0.6,,,0.86,0.0819756061276768,
250,Rock,,0.5,,,0.8599999999999998,0.0876356092008265,
251,Rock,,,,,0.8560000000000001,0.0527636238330916,[5]
252,Rock,,,,,0.8560000000000001,0.0527636238330916,[7]
253,Rock,,,,,0.8560000000000001,0.0527636238330916,[9]
254,Rock,,,,,0.8640000000000001,0.048,[11]
255,Rock,,,,,0.8600000000000001,0.0551361950083608,"[5, 7, 9]"
256,Rock,,,,,0.8560000000000001,0.0527636238330916,"[7, 9, 11]"
257,Rock,,,,"[0, 5]",0.8600000000000001,0.0632455532033676,
258,Rock,,,,"[5, 10]",0.8640000000000001,0.048,
259,Rock,,,,"[10, 15]",0.8560000000000001,0.0527636238330916,
260,Rock,,,,"[15, 20]",0.8560000000000001,0.0527636238330916,
261,Rock,,,,"[0, 10]",0.8640000000000001,0.0557135531087364,
262,Rock,,,,"[5, 15]",0.8560000000000001,0.0527636238330916,
263,Rock,,,,"[10, 20]",0.8560000000000001,0.0527636238330916,
264,ECG200,100.0,,,,0.85,0.0501996015920445,
265,ECG200,1000.0,,,,0.8880000000000001,0.0132664991614216,
266,ECG200,10000.0,,,,0.8940000000000001,0.0135646599662505,
267,ECG200,20000.0,,,,0.892,0.0231516738055804,
268,ECG200,30000.0,,,,0.884,0.0101980390271855,
269,ECG200,,1.0,,,0.8859999999999999,0.0149666295470957,
270,ECG200,,0.9,,,0.884,0.0135646599662505,
271,ECG200,,0.8,,,0.8880000000000001,0.0193907194296653,
272,ECG200,,0.7,,,0.8800000000000001,0.0244948974278318,
273,ECG200,,0.6,,,0.8880000000000001,0.0193907194296653,
274,ECG200,,0.5,,,0.8859999999999999,0.020591260281974,
275,ECG200,,,,,0.8720000000000001,0.016,[5]
276,ECG200,,,,,0.882,0.0074833147735478,[7]
277,ECG200,,,,,0.8859999999999999,0.0101980390271855,[9]
278,ECG200,,,,,0.8940000000000001,0.021540659228538,[11]
279,ECG200,,,,,0.89,0.0167332005306815,"[5, 7, 9]"
280,ECG200,,,,,0.8859999999999999,0.0174355957741627,"[7, 9, 11]"
281,ECG200,,,,"[0, 5]",0.892,0.0263818119165458,
282,ECG200,,,,"[5, 10]",0.89,0.0178885438199983,
283,ECG200,,,,"[10, 15]",0.892,0.0116619037896906,
284,ECG200,,,,"[15, 20]",0.8859999999999999,0.0135646599662505,
285,ECG200,,,,"[0, 10]",0.892,0.0193907194296653,
286,ECG200,,,,"[5, 15]",0.8880000000000001,0.0116619037896906,
287,ECG200,,,,"[10, 20]",0.8859999999999999,0.0048989794855663,
288,MedicalImages,100.0,,,,0.6897368421052632,0.015126429329684,
289,MedicalImages,1000.0,,,,0.7473684210526317,0.0122587523145811,
290,MedicalImages,10000.0,,,,0.761578947368421,0.0112390297389803,
291,MedicalImages,20000.0,,,,0.765,0.0121907734967373,
292,MedicalImages,30000.0,,,,0.761578947368421,0.0115129699232775,
293,MedicalImages,,1.0,,,0.7457894736842106,0.0141323385074711,
294,MedicalImages,,0.9,,,0.7642105263157895,0.0137599120656856,
295,MedicalImages,,0.8,,,0.7705263157894737,0.0115490043460482,
296,MedicalImages,,0.7,,,0.7736842105263158,0.0109455970226765,
297,MedicalImages,,0.6,,,0.783157894736842,0.0099653138046113,
298,MedicalImages,,0.5,,,0.7884210526315789,0.0108948639707813,
299,MedicalImages,,,,,0.7460526315789474,0.0089628349294349,[5]
300,MedicalImages,,,,,0.7586842105263158,0.0133822969843064,[7]
301,MedicalImages,,,,,0.7647368421052632,0.0074618141467146,[9]
302,MedicalImages,,,,,0.7639473684210527,0.0113066058204951,[11]
303,MedicalImages,,,,,0.7589473684210526,0.0118391809254757,"[5, 7, 9]"
304,MedicalImages,,,,,0.7576315789473684,0.0116623788453475,"[7, 9, 11]"
305,MedicalImages,,,,"[0, 5]",0.7644736842105264,0.006657426652986,
306,MedicalImages,,,,"[5, 10]",0.7602631578947369,0.0080424772578611,
307,MedicalImages,,,,"[10, 15]",0.7605263157894737,0.0111958144137803,
308,MedicalImages,,,,"[15, 20]",0.7605263157894736,0.0100896260593057,
309,MedicalImages,,,,"[0, 10]",0.758157894736842,0.0132731791714931,
310,MedicalImages,,,,"[5, 15]",0.7615789473684211,0.0117216091849053,
311,MedicalImages,,,,"[10, 20]",0.7655263157894737,0.0130628143642008,
312,TwoLeadECG,100.0,,,,0.9980684811237928,0.001290337002344,
313,TwoLeadECG,1000.0,,,,0.9973661106233538,0.0035118525021948,
314,TwoLeadECG,10000.0,,,,0.9977172958735734,0.0028638290483406,
315,TwoLeadECG,20000.0,,,,0.9978928884986832,0.002917163779778,
316,TwoLeadECG,30000.0,,,,0.9978928884986832,0.002917163779778,
317,TwoLeadECG,,1.0,,,0.998595258999122,0.0019710223284146,
318,TwoLeadECG,,0.9,,,0.9977172958735732,0.0032662116308583,
319,TwoLeadECG,,0.8,,,0.9970149253731344,0.0033592847181227,
320,TwoLeadECG,,0.7,,,0.995785776997366,0.0049165935030728,
321,TwoLeadECG,,0.6,,,0.9954345917471464,0.0056189640035118,
322,TwoLeadECG,,0.5,,,0.9947322212467076,0.0065934972275745,
323,TwoLeadECG,,,,,0.9952589991220367,0.0059959160944561,[5]
324,TwoLeadECG,,,,,0.9977172958735734,0.0033130750244272,[7]
325,TwoLeadECG,,,,,0.997190517998244,0.0034408986729175,[9]
326,TwoLeadECG,,,,,0.9978928884986832,0.0024582967515364,[11]
327,TwoLeadECG,,,,,0.9968393327480246,0.0032662116308583,"[5, 7, 9]"
328,TwoLeadECG,,,,,0.9973661106233538,0.0030916271925652,"[7, 9, 11]"
329,TwoLeadECG,,,,"[0, 5]",0.9977172958735734,0.0028638290483406,
330,TwoLeadECG,,,,"[5, 10]",0.9975417032484636,0.0032090723235289,
331,TwoLeadECG,,,,"[10, 15]",0.9977172958735734,0.0028638290483406,
332,TwoLeadECG,,,,"[15, 20]",0.9970149253731344,0.0025202282869898,
333,TwoLeadECG,,,,"[0, 10]",0.997190517998244,0.003902741136241,
334,TwoLeadECG,,,,"[5, 15]",0.9977172958735734,0.0028638290483406,
335,TwoLeadECG,,,,"[10, 20]",0.9975417032484636,0.0023162258047889,
336,Beef,100.0,,,,0.7333333333333332,0.0365148371670111,
337,Beef,1000.0,,,,0.7533333333333333,0.0541602560309064,
338,Beef,10000.0,,,,0.8,0.0632455532033676,
339,Beef,20000.0,,,,0.7866666666666667,0.0653197264742181,
340,Beef,30000.0,,,,0.8,0.0557773351022717,
341,Beef,,1.0,,,0.7666666666666666,0.0421637021355784,
342,Beef,,0.9,,,0.7733333333333334,0.0489897948556636,
343,Beef,,0.8,,,0.8066666666666666,0.0904310664416702,
344,Beef,,0.7,,,0.8,0.0557773351022717,
345,Beef,,0.6,,,0.78,0.077746025264604,
346,Beef,,0.5,,,0.7799999999999999,0.0452155332208351,
347,Beef,,,,,0.7866666666666666,0.0498887651569859,[5]
348,Beef,,,,,0.7933333333333333,0.0489897948556635,[7]
349,Beef,,,,,0.78,0.04,[9]
350,Beef,,,,,0.7933333333333334,0.0573488351136175,[11]
351,Beef,,,,,0.7933333333333334,0.0489897948556635,"[5, 7, 9]"
352,Beef,,,,,0.7666666666666668,0.0365148371670111,"[7, 9, 11]"
353,Beef,,,,"[0, 5]",0.76,0.0573488351136175,
354,Beef,,,,"[5, 10]",0.8066666666666669,0.0573488351136175,
355,Beef,,,,"[10, 15]",0.7600000000000001,0.038873012632302,
356,Beef,,,,"[15, 20]",0.7666666666666666,0.0596284793999944,
357,Beef,,,,"[0, 10]",0.7866666666666667,0.0653197264742181,
358,Beef,,,,"[5, 15]",0.7933333333333334,0.0489897948556635,
359,Beef,,,,"[10, 20]",0.7733333333333334,0.038873012632302,
360,Earthquakes,100.0,,,,0.7438848920863309,0.0035244456730693,
361,Earthquakes,1000.0,,,,0.739568345323741,0.008389858841504,
362,Earthquakes,10000.0,,,,0.7338129496402876,0.0091000795976068,
363,Earthquakes,20000.0,,,,0.7251798561151078,0.0139501578630685,
364,Earthquakes,30000.0,,,,0.7223021582733813,0.0148138563179668,
365,Earthquakes,,1.0,,,0.7251798561151078,0.0139501578630685,
366,Earthquakes,,0.9,,,0.7280575539568346,0.0123774464273994,
367,Earthquakes,,0.8,,,0.7251798561151078,0.0146734374491878,
368,Earthquakes,,0.7,,,0.7251798561151078,0.0123774464273994,
369,Earthquakes,,0.6,,,0.7323741007194244,0.008389858841504,
370,Earthquakes,,0.5,,,0.7366906474820144,0.016779717683008,
371,Earthquakes,,,,,0.7251798561151079,0.0070488913461386,[5]
372,Earthquakes,,,,,0.7266187050359711,0.0078809001079879,[7]
373,Earthquakes,,,,,0.7338129496402879,0.0101741982904539,[9]
374,Earthquakes,,,,,0.7381294964028777,0.0097587481771586,[11]
375,Earthquakes,,,,,0.7179856115107913,0.0189797208032703,"[5, 7, 9]"
376,Earthquakes,,,,,0.7266187050359711,0.0150907747938151,"[7, 9, 11]"
377,Earthquakes,,,,"[0, 5]",0.7237410071942445,0.0073367187245939,
378,Earthquakes,,,,"[5, 10]",0.720863309352518,0.0166558804356693,
379,Earthquakes,,,,"[10, 15]",0.730935251798561,0.0107673593863998,
380,Earthquakes,,,,"[15, 20]",0.7223021582733813,0.0216306422710401,
381,Earthquakes,,,,"[0, 10]",0.7294964028776978,0.0035244456730692,
382,Earthquakes,,,,"[5, 15]",0.7179856115107913,0.0139501578630685,
383,Earthquakes,,,,"[10, 20]",0.7266187050359711,0.0078809001079879,
384,WormsTwoClass,100.0,,,,0.7688311688311689,0.012724622040432,
385,WormsTwoClass,1000.0,,,,0.7714285714285714,0.0226436308755359,
386,WormsTwoClass,10000.0,,,,0.7584415584415585,0.0211013984535999,
387,WormsTwoClass,20000.0,,,,0.781818181818182,0.0151453295970007,
388,WormsTwoClass,30000.0,,,,0.7766233766233768,0.012724622040432,
389,WormsTwoClass,,1.0,,,0.7714285714285715,0.0279748821149844,
390,WormsTwoClass,,0.9,,,0.7766233766233767,0.0151453295970007,
391,WormsTwoClass,,0.8,,,0.7688311688311689,0.0332629830515992,
392,WormsTwoClass,,0.7,,,0.7584415584415585,0.0226436308755359,
393,WormsTwoClass,,0.6,,,0.7740259740259741,0.0279748821149844,
394,WormsTwoClass,,0.5,,,0.7740259740259741,0.0211013984535999,
395,WormsTwoClass,,,,,0.787012987012987,0.0302906591940015,[5]
396,WormsTwoClass,,,,,0.7792207792207793,0.0296149461064711,[7]
397,WormsTwoClass,,,,,0.781818181818182,0.0127246220404321,[9]
398,WormsTwoClass,,,,,0.7662337662337663,0.0217314292606253,[11]
399,WormsTwoClass,,,,,0.7740259740259741,0.017616441514611,"[5, 7, 9]"
400,WormsTwoClass,,,,,0.7740259740259741,0.006362311020216,"[7, 9, 11]"
401,WormsTwoClass,,,,"[0, 5]",0.7818181818181819,0.0352328830292221,
402,WormsTwoClass,,,,"[5, 10]",0.7896103896103897,0.0151453295970007,
403,WormsTwoClass,,,,"[10, 15]",0.7610389610389611,0.0132442065288124,
404,WormsTwoClass,,,,"[15, 20]",0.7740259740259741,0.0240873207675213,
405,WormsTwoClass,,,,"[0, 10]",0.7792207792207793,0.0142265599351991,
406,WormsTwoClass,,,,"[5, 15]",0.7688311688311689,0.0190869330606481,
407,WormsTwoClass,,,,"[10, 20]",0.7584415584415585,0.0211013984535999,
408,Adiac,100.0,,,,0.6475703324808183,0.0172250212178851,
409,Adiac,1000.0,,,,0.726854219948849,0.014413302100875,
410,Adiac,10000.0,,,,0.7524296675191815,0.0105326139549739,
411,Adiac,20000.0,,,,0.747314578005115,0.0145037819731537,
412,Adiac,30000.0,,,,0.7534526854219948,0.0157325386181378,
413,Adiac,,1.0,,,0.7503836317135549,0.0103066197849666,
414,Adiac,,0.9,,,0.7498721227621483,0.0138580226947765,
415,Adiac,,0.8,,,0.7437340153452686,0.0105326139549739,
416,Adiac,,0.7,,,0.7452685421994885,0.0097857424397488,
417,Adiac,,0.6,,,0.7370843989769821,0.0143222506393861,
418,Adiac,,0.5,,,0.7340153452685422,0.024262999950141,
419,Adiac,,,,,0.7682864450127878,0.0159800504877885,[5]
420,Adiac,,,,,0.7580562659846547,0.0128997649237018,[7]
421,Adiac,,,,,0.7447570332480817,0.0097589688124495,[9]
422,Adiac,,,,,0.729923273657289,0.0083424585321227,[11]
423,Adiac,,,,,0.7631713554987212,0.0108024102720935,"[5, 7, 9]"
424,Adiac,,,,,0.7452685421994885,0.0096511315928968,"[7, 9, 11]"
425,Adiac,,,,"[0, 5]",0.7979539641943734,0.0145577999700846,
426,Adiac,,,,"[5, 10]",0.767774936061381,0.0190978564732424,
427,Adiac,,,,"[10, 15]",0.7360613810741687,0.0105326139549739,
428,Adiac,,,,"[15, 20]",0.726854219948849,0.0093481672033233,
429,Adiac,,,,"[0, 10]",0.7923273657289002,0.014413302100875,
430,Adiac,,,,"[5, 15]",0.7554987212276215,0.0148777898437329,
431,Adiac,,,,"[10, 20]",0.7319693094629155,0.0111363381366123,
432,Lightning7,100.0,,,,0.7068493150684932,0.010958904109589,
433,Lightning7,1000.0,,,,0.747945205479452,0.0282072058657178,
434,Lightning7,10000.0,,,,0.7452054794520547,0.0331042355440947,
435,Lightning7,20000.0,,,,0.7452054794520547,0.0307533483844433,
436,Lightning7,30000.0,,,,0.747945205479452,0.0307533483844433,
437,Lightning7,,1.0,,,0.747945205479452,0.022257639464756,
438,Lightning7,,0.9,,,0.7561643835616437,0.03171462165148,
439,Lightning7,,0.8,,,0.7424657534246576,0.0279398329511933,
440,Lightning7,,0.7,,,0.736986301369863,0.0292522691836474,
441,Lightning7,,0.6,,,0.758904109589041,0.031950421341618,
442,Lightning7,,0.5,,,0.7397260273972602,0.028734488990963,
443,Lightning7,,,,,0.7397260273972602,0.0173275488228404,[5]
444,Lightning7,,,,,0.7452054794520547,0.0307533483844433,[7]
445,Lightning7,,,,,0.747945205479452,0.0205022322562955,[9]
446,Lightning7,,,,,0.7616438356164383,0.0282072058657178,[11]
447,Lightning7,,,,,0.7424657534246574,0.0292522691836474,"[5, 7, 9]"
448,Lightning7,,,,,0.7452054794520548,0.0331042355440946,"[7, 9, 11]"
449,Lightning7,,,,"[0, 5]",0.7534246575342466,0.0259913232342606,
450,Lightning7,,,,"[5, 10]",0.747945205479452,0.031950421341618,
451,Lightning7,,,,"[10, 15]",0.7506849315068493,0.0235680144302537,
452,Lightning7,,,,"[15, 20]",0.7534246575342465,0.0212218265545611,
453,Lightning7,,,,"[0, 10]",0.7479452054794521,0.0282072058657178,
454,Lightning7,,,,"[5, 15]",0.7534246575342465,0.0150060974658949,
455,Lightning7,,,,"[10, 20]",0.747945205479452,0.0295077523678602,
456,SmoothSubspace,100.0,,,,0.976,0.0130639452948435,
457,SmoothSubspace,1000.0,,,,0.9853333333333334,0.0049888765156985,
458,SmoothSubspace,10000.0,,,,0.9853333333333334,0.0049888765156985,
459,SmoothSubspace,20000.0,,,,0.9866666666666668,0.0042163702135578,
460,SmoothSubspace,30000.0,,,,0.9853333333333334,0.0049888765156985,
461,SmoothSubspace,,1.0,,,0.9733333333333334,0.0111554670204543,
462,SmoothSubspace,,0.9,,,0.9826666666666666,0.0032659863237109,
463,SmoothSubspace,,0.8,,,0.9853333333333334,0.0049888765156985,
464,SmoothSubspace,,0.7,,,0.988,0.0049888765156985,
465,SmoothSubspace,,0.6,,,0.9866666666666668,0.0042163702135578,
466,SmoothSubspace,,0.5,,,0.988,0.0049888765156985,
467,SmoothSubspace,,,,,0.9853333333333334,0.0049888765156985,[5]
468,SmoothSubspace,,,,,0.9866666666666668,0.0073029674334022,[7]
469,SmoothSubspace,,,,,0.9573333333333334,0.0108320512061813,[9]
470,SmoothSubspace,,,,,0.9626666666666668,0.0137275068546493,[11]
471,SmoothSubspace,,,,,0.9853333333333334,0.0097979589711326,"[5, 7, 9]"
472,SmoothSubspace,,,,,0.984,0.0053333333333333,"[7, 9, 11]"
473,SmoothSubspace,,,,"[0, 5]",0.984,0.0053333333333333,
474,SmoothSubspace,,,,"[5, 10]",0.984,0.0053333333333333,
475,SmoothSubspace,,,,"[10, 15]",0.9826666666666668,0.0067986926847903,
476,SmoothSubspace,,,,"[15, 20]",0.9853333333333334,0.0049888765156985,
477,SmoothSubspace,,,,"[0, 10]",0.984,0.0032659863237109,
478,SmoothSubspace,,,,"[5, 15]",0.9853333333333334,0.0026666666666666,
479,SmoothSubspace,,,,"[10, 20]",0.9853333333333334,0.0049888765156985,
480,SwedishLeaf,100.0,,,,0.90272,0.0115997241346508,
481,SwedishLeaf,1000.0,,,,0.95264,0.0048106548410793,
482,SwedishLeaf,10000.0,,,,0.96736,0.0016316862443496,
483,SwedishLeaf,20000.0,,,,0.96704,0.0029675579185586,
484,SwedishLeaf,30000.0,,,,0.96768,0.0023515101530718,
485,SwedishLeaf,,1.0,,,0.96864,0.0038665747115502,
486,SwedishLeaf,,0.9,,,0.968,0.0049574186831455,
487,SwedishLeaf,,0.8,,,0.96736,0.0050190038852345,
488,SwedishLeaf,,0.7,,,0.96768,0.0044570842486989,
489,SwedishLeaf,,0.6,,,0.96448,0.0084300415182844,
490,SwedishLeaf,,0.5,,,0.96512,0.0065110367838002,
491,SwedishLeaf,,,,,0.96192,0.0051993845789669,[5]
492,SwedishLeaf,,,,,0.96512,0.0052969425143189,[7]
493,SwedishLeaf,,,,,0.96448,0.003971095566717,[9]
494,SwedishLeaf,,,,,0.96224,0.003446505476566,[11]
495,SwedishLeaf,,,,,0.96672,0.0050999607841629,"[5, 7, 9]"
496,SwedishLeaf,,,,,0.96576,0.0045928640302103,"[7, 9, 11]"
497,SwedishLeaf,,,,"[0, 5]",0.97024,0.0037318092127009,
498,SwedishLeaf,,,,"[5, 10]",0.96768,0.0046811964282649,
499,SwedishLeaf,,,,"[10, 15]",0.96448,0.003971095566717,
500,SwedishLeaf,,,,"[15, 20]",0.96672,0.003971095566717,
501,SwedishLeaf,,,,"[0, 10]",0.968,0.003505424368033,
502,SwedishLeaf,,,,"[5, 15]",0.96608,0.00341666504065,
503,SwedishLeaf,,,,"[10, 20]",0.96512,0.0029328484447717,
504,GunPointOldVersusYoung,100.0,,,,0.9784126984126984,0.0086124825182543,
505,GunPointOldVersusYoung,1000.0,,,,0.9923809523809524,0.0043062412591271,
506,GunPointOldVersusYoung,10000.0,,,,0.9936507936507936,0.0040155906795788,
507,GunPointOldVersusYoung,20000.0,,,,0.9936507936507936,0.0044895668646764,
508,GunPointOldVersusYoung,30000.0,,,,0.9936507936507936,0.0044895668646764,
509,GunPointOldVersusYoung,,1.0,,,0.993015873015873,0.0037021916792668,
510,GunPointOldVersusYoung,,0.9,,,0.9936507936507936,0.0034776035397153,
511,GunPointOldVersusYoung,,0.8,,,0.9942857142857144,0.0046656947481584,
512,GunPointOldVersusYoung,,0.7,,,0.994920634920635,0.003237472707043,
513,GunPointOldVersusYoung,,0.6,,,0.9961904761904762,0.0031104631654389,
514,GunPointOldVersusYoung,,0.5,,,0.9961904761904762,0.0031104631654389,
515,GunPointOldVersusYoung,,,,,0.993015873015873,0.005079365079365,[5]
516,GunPointOldVersusYoung,,,,,0.9936507936507936,0.0044895668646764,[7]
517,GunPointOldVersusYoung,,,,,0.993015873015873,0.0037021916792668,[9]
518,GunPointOldVersusYoung,,,,,0.9955555555555556,0.0025396825396825,[11]
519,GunPointOldVersusYoung,,,,,0.993015873015873,0.0046656947481584,"[5, 7, 9]"
520,GunPointOldVersusYoung,,,,,0.9942857142857144,0.0042115870353719,"[7, 9, 11]"
521,GunPointOldVersusYoung,,,,"[0, 5]",0.993015873015873,0.0050793650793651,
522,GunPointOldVersusYoung,,,,"[5, 10]",0.9936507936507936,0.0040155906795788,
523,GunPointOldVersusYoung,,,,"[10, 15]",0.9936507936507936,0.0040155906795788,
524,GunPointOldVersusYoung,,,,"[15, 20]",0.9936507936507936,0.0040155906795788,
525,GunPointOldVersusYoung,,,,"[0, 10]",0.9936507936507936,0.0034776035397153,
526,GunPointOldVersusYoung,,,,"[5, 15]",0.9942857142857144,0.0046656947481584,
527,GunPointOldVersusYoung,,,,"[10, 20]",0.9942857142857144,0.0046656947481584,
528,UWaveGestureLibraryX,100.0,,,,0.8045784477945283,0.0063978901220016,
529,UWaveGestureLibraryX,1000.0,,,,0.8403685092127302,0.0035064921201803,
530,UWaveGestureLibraryX,10000.0,,,,0.8544388609715243,0.004986513358295,
531,UWaveGestureLibraryX,20000.0,,,,0.8573981016192072,0.0032956682441929,
532,UWaveGestureLibraryX,30000.0,,,,0.8587939698492463,0.0030088651223466,
533,UWaveGestureLibraryX,,1.0,,,0.8434394193188164,0.0055985280000469,
534,UWaveGestureLibraryX,,0.9,,,0.8515912897822446,0.0029258676731599,
535,UWaveGestureLibraryX,,0.8,,,0.8582356225572306,0.0054575413214014,
536,UWaveGestureLibraryX,,0.7,,,0.8568397543271915,0.0046089869533196,
537,UWaveGestureLibraryX,,0.6,,,0.8555555555555555,0.0058735375163645,
538,UWaveGestureLibraryX,,0.5,,,0.8568955890563931,0.0033898624760827,
539,UWaveGestureLibraryX,,,,,0.850642099385818,0.0046076339555059,[5]
540,UWaveGestureLibraryX,,,,,0.8543830262423228,0.0039544234974038,[7]
541,UWaveGestureLibraryX,,,,,0.8539921831379118,0.0042778294381636,[9]
542,UWaveGestureLibraryX,,,,,0.8534338358458962,0.0039402074292299,[11]
543,UWaveGestureLibraryX,,,,,0.8566722501395867,0.004440879692942,"[5, 7, 9]"
544,UWaveGestureLibraryX,,,,,0.8533221663874931,0.0049077424775758,"[7, 9, 11]"
545,UWaveGestureLibraryX,,,,"[0, 5]",0.8537130094919039,0.0033079426563034,
546,UWaveGestureLibraryX,,,,"[5, 10]",0.8531546621998883,0.0046211461075507,
547,UWaveGestureLibraryX,,,,"[10, 15]",0.8551647124511446,0.0043119451873384,
548,UWaveGestureLibraryX,,,,"[15, 20]",0.8526521496370743,0.0052061206927705,
549,UWaveGestureLibraryX,,,,"[0, 10]",0.8561139028475712,0.0040709606105099,
550,UWaveGestureLibraryX,,,,"[5, 15]",0.8533780011166947,0.0044855829745158,
551,UWaveGestureLibraryX,,,,"[10, 20]",0.8557788944723619,0.0037563122705871,
552,FreezerSmallTrain,100.0,,,,0.9736140350877192,0.0135484039281271,
553,FreezerSmallTrain,1000.0,,,,0.9822456140350876,0.0094713447403805,
554,FreezerSmallTrain,10000.0,,,,0.981263157894737,0.0097202482276883,
555,FreezerSmallTrain,20000.0,,,,0.9816842105263156,0.0095768264472881,
556,FreezerSmallTrain,30000.0,,,,0.9830175438596492,0.0097430200094364,
557,FreezerSmallTrain,,1.0,,,0.983438596491228,0.0076500884631082,
558,FreezerSmallTrain,,0.9,,,0.9802105263157894,0.0086364271079973,
559,FreezerSmallTrain,,0.8,,,0.9769122807017544,0.0112442865352167,
560,FreezerSmallTrain,,0.7,,,0.972140350877193,0.0104148484100996,
561,FreezerSmallTrain,,0.6,,,0.9647017543859648,0.0139746065267583,
562,FreezerSmallTrain,,0.5,,,0.9562105263157894,0.0187401271842567,
563,FreezerSmallTrain,,,,,0.9743157894736842,0.010430912696104,[5]
564,FreezerSmallTrain,,,,,0.9797894736842104,0.0097455469228822,[7]
565,FreezerSmallTrain,,,,,0.9820350877192984,0.0076790016792407,[9]
566,FreezerSmallTrain,,,,,0.9837894736842104,0.0063056448741712,[11]
567,FreezerSmallTrain,,,,,0.9807719298245616,0.0087350804959748,"[5, 7, 9]"
568,FreezerSmallTrain,,,,,0.9839298245614037,0.0084484933028884,"[7, 9, 11]"
569,FreezerSmallTrain,,,,"[0, 5]",0.9849122807017544,0.0080104579228777,
570,FreezerSmallTrain,,,,"[5, 10]",0.9851228070175436,0.0080153745769683,
571,FreezerSmallTrain,,,,"[10, 15]",0.9849122807017544,0.0074828212000372,
572,FreezerSmallTrain,,,,"[15, 20]",0.9815438596491228,0.0086307231069075,
573,FreezerSmallTrain,,,,"[0, 10]",0.9810526315789474,0.0088876576555719,
574,FreezerSmallTrain,,,,"[5, 15]",0.984701754385965,0.0076796429587674,
575,FreezerSmallTrain,,,,"[10, 20]",0.9827368421052632,0.0086557925957211,
576,ACSF1,100.0,,,,0.76,0.0632455532033676,
577,ACSF1,1000.0,,,,0.842,0.0305941170815567,
578,ACSF1,10000.0,,,,0.852,0.0545527267879434,
579,ACSF1,20000.0,,,,0.8459999999999999,0.0527636238330916,
580,ACSF1,30000.0,,,,0.8540000000000001,0.0508330601085553,
581,ACSF1,,1.0,,,0.8379999999999999,0.0581033561853357,
582,ACSF1,,0.9,,,0.836,0.0523832034148352,
583,ACSF1,,0.8,,,0.8460000000000001,0.0531413210223457,
584,ACSF1,,0.7,,,0.8539999999999999,0.0535163526410385,
585,ACSF1,,0.6,,,0.8379999999999999,0.0396988664825584,
586,ACSF1,,0.5,,,0.834,0.0500399840127872,
587,ACSF1,,,,,0.852,0.0503587132480566,[5]
588,ACSF1,,,,,0.8539999999999999,0.0484148737476408,[7]
589,ACSF1,,,,,0.85,0.0540370243444251,[9]
590,ACSF1,,,,,0.8480000000000001,0.0466476151587624,[11]
591,ACSF1,,,,,0.842,0.0354400902933386,"[5, 7, 9]"
592,ACSF1,,,,,0.8460000000000001,0.0467332857821917,"[7, 9, 11]"
593,ACSF1,,,,"[0, 5]",0.868,0.0462168800331653,
594,ACSF1,,,,"[5, 10]",0.8560000000000001,0.0542586398650021,
595,ACSF1,,,,"[10, 15]",0.8560000000000001,0.0567802782663135,
596,ACSF1,,,,"[15, 20]",0.834,0.0449888875168079,
597,ACSF1,,,,"[0, 10]",0.8619999999999999,0.0556417109729742,
598,ACSF1,,,,"[5, 15]",0.8440000000000001,0.0508330601085553,
599,ACSF1,,,,"[10, 20]",0.844,0.0500399840127872,
600,Wafer,100.0,,,,0.9994808565866322,0.0005068299595007,
601,Wafer,1000.0,,,,0.9999675535366646,6.489292667097857e-05,
602,Wafer,10000.0,,,,1.0,0.0,
603,Wafer,20000.0,,,,1.0,0.0,
604,Wafer,30000.0,,,,1.0,0.0,
605,Wafer,,1.0,,,1.0,0.0,
606,Wafer,,0.9,,,1.0,0.0,
607,Wafer,,0.8,,,1.0,0.0,
608,Wafer,,0.7,,,1.0,0.0,
609,Wafer,,0.6,,,1.0,0.0,
610,Wafer,,0.5,,,1.0,0.0,
611,Wafer,,,,,0.9995457495133032,0.0002595717066839,[5]
612,Wafer,,,,,0.9999675535366646,6.489292667097857e-05,[7]
613,Wafer,,,,,1.0,0.0,[9]
614,Wafer,,,,,0.999935107073329,0.000129785853342,[11]
615,Wafer,,,,,0.999870214146658,6.489292667097857e-05,"[5, 7, 9]"
616,Wafer,,,,,0.9999675535366646,6.489292667097857e-05,"[7, 9, 11]"
617,Wafer,,,,"[0, 5]",0.9999675535366646,6.489292667097857e-05,
618,Wafer,,,,"[5, 10]",1.0,0.0,
619,Wafer,,,,"[10, 15]",1.0,0.0,
620,Wafer,,,,"[15, 20]",0.9999675535366646,6.489292667097857e-05,
621,Wafer,,,,"[0, 10]",1.0,0.0,
622,Wafer,,,,"[5, 15]",0.9999675535366646,6.489292667097857e-05,
623,Wafer,,,,"[10, 20]",1.0,0.0,
624,PowerCons,100.0,,,,0.928888888888889,0.027977062915587,
625,PowerCons,1000.0,,,,0.9544444444444444,0.0054433105395181,
626,PowerCons,10000.0,,,,0.9555555555555556,0.0092962225170452,
627,PowerCons,20000.0,,,,0.9566666666666668,0.0088888888888889,
628,PowerCons,30000.0,,,,0.9588888888888888,0.0103040205505507,
629,PowerCons,,1.0,,,0.9488888888888888,0.0107726219053696,
630,PowerCons,,0.9,,,0.96,0.0113311544746506,
631,PowerCons,,0.8,,,0.9644444444444444,0.0114395890455411,
632,PowerCons,,0.7,,,0.961111111111111,0.007027283689263,
633,PowerCons,,0.6,,,0.9633333333333332,0.0114395890455411,
634,PowerCons,,0.5,,,0.961111111111111,0.0126686158344348,
635,PowerCons,,,,,0.9577777777777776,0.0108866210790363,[5]
636,PowerCons,,,,,0.9644444444444444,0.0075359222034724,[7]
637,PowerCons,,,,,0.9588888888888888,0.0083147941928309,[9]
638,PowerCons,,,,,0.9622222222222222,0.0081649658092772,[11]
639,PowerCons,,,,,0.9622222222222222,0.0113311544746506,"[5, 7, 9]"
640,PowerCons,,,,,0.9577777777777776,0.0103040205505507,"[7, 9, 11]"
641,PowerCons,,,,"[0, 5]",0.9588888888888888,0.0124721912892464,
642,PowerCons,,,,"[5, 10]",0.9633333333333332,0.0075359222034724,
643,PowerCons,,,,"[10, 15]",0.96,0.006478835438717,
644,PowerCons,,,,"[15, 20]",0.9555555555555556,0.009938079899999,
645,PowerCons,,,,"[0, 10]",0.9588888888888888,0.0129576708774339,
646,PowerCons,,,,"[5, 15]",0.9622222222222222,0.0073702773119009,
647,PowerCons,,,,"[10, 20]",0.96,0.0073702773119008,
648,ItalyPowerDemand,100.0,,,,0.9490767735665694,0.0093738818672789,
649,ItalyPowerDemand,1000.0,,,,0.9521865889212828,0.0130296021474008,
650,ItalyPowerDemand,10000.0,,,,0.9519922254616132,0.0141578805453639,
651,ItalyPowerDemand,20000.0,,,,0.9545189504373176,0.0126321296865087,
652,ItalyPowerDemand,30000.0,,,,0.9527696793002915,0.0137655441862979,
653,ItalyPowerDemand,,1.0,,,0.9533527696793004,0.0128779543428396,
654,ItalyPowerDemand,,0.9,,,0.9521865889212828,0.0134855189572024,
655,ItalyPowerDemand,,0.8,,,0.9521865889212828,0.0133447182847594,
656,ItalyPowerDemand,,0.7,,,0.9531584062196308,0.0130585632903718,
657,ItalyPowerDemand,,0.6,,,0.9527696793002915,0.0130034819698174,
658,ItalyPowerDemand,,0.5,,,0.9517978620019436,0.0108843537414966,
659,ItalyPowerDemand,,,,,0.9591836734693878,0.0060534155500087,[5]
660,ItalyPowerDemand,,,,,0.9591836734693876,0.0073755747175939,[7]
661,ItalyPowerDemand,,,,,0.9490767735665696,0.0139968683283878,[9]
662,ItalyPowerDemand,,,,,0.9477162293488824,0.0127066737637948,[11]
663,ItalyPowerDemand,,,,,0.957240038872692,0.0095019681722684,"[5, 7, 9]"
664,ItalyPowerDemand,,,,,0.9537414965986392,0.0132481190965613,"[7, 9, 11]"
665,ItalyPowerDemand,,,,"[0, 5]",0.95354713313897,0.011971905612777,
666,ItalyPowerDemand,,,,"[5, 10]",0.9539358600583088,0.0129452484395309,
667,ItalyPowerDemand,,,,"[10, 15]",0.9517978620019436,0.013147937434626,
668,ItalyPowerDemand,,,,"[15, 20]",0.9531584062196308,0.0127066737637948,
669,ItalyPowerDemand,,,,"[0, 10]",0.952575315840622,0.0132452672788344,
670,ItalyPowerDemand,,,,"[5, 15]",0.9523809523809524,0.014189863750005,
671,ItalyPowerDemand,,,,"[10, 20]",0.9523809523809524,0.0127155896861388,
672,Herring,100.0,,,,0.65,0.0469790511824153,
673,Herring,1000.0,,,,0.6375,0.0375,
674,Herring,10000.0,,,,0.61875,0.0306186217847897,
675,Herring,20000.0,,,,0.640625,0.0463512405443478,
676,Herring,30000.0,,,,0.615625,0.037759518667483,
677,Herring,,1.0,,,0.63125,0.037759518667483,
678,Herring,,0.9,,,0.625,0.0430751523502819,
679,Herring,,0.8,,,0.615625,0.0364434493427831,
680,Herring,,0.7,,,0.615625,0.0253876200144873,
681,Herring,,0.6,,,0.628125,0.0207289049397212,
682,Herring,,0.5,,,0.621875,0.0333658695375978,
683,Herring,,,,,0.621875,0.0318688719599549,[5]
684,Herring,,,,,0.609375,0.0197642353760523,[7]
685,Herring,,,,,0.634375,0.0364434493427831,[9]
686,Herring,,,,,0.615625,0.037759518667483,[11]
687,Herring,,,,,0.628125,0.0387802301437214,"[5, 7, 9]"
688,Herring,,,,,0.634375,0.0414578098794424,"[7, 9, 11]"
689,Herring,,,,"[0, 5]",0.634375,0.040262808521016,
690,Herring,,,,"[5, 10]",0.621875,0.0268822664595082,
691,Herring,,,,"[10, 15]",0.625,0.035630482034348,
692,Herring,,,,"[15, 20]",0.6375,0.0333658695375978,
693,Herring,,,,"[0, 10]",0.625,0.0327752765053172,
694,Herring,,,,"[5, 15]",0.61875,0.0321738441905843,
695,Herring,,,,"[10, 20]",0.634375,0.0490137098167441,
696,GunPointAgeSpan,100.0,,,,0.978481012658228,0.0096816826207457,
697,GunPointAgeSpan,1000.0,,,,0.9911392405063292,0.0041982592282979,
698,GunPointAgeSpan,10000.0,,,,0.9930379746835442,0.0023681375865657,
699,GunPointAgeSpan,20000.0,,,,0.9911392405063292,0.0023681375865657,
700,GunPointAgeSpan,30000.0,,,,0.9924050632911392,0.0032272275402485,
701,GunPointAgeSpan,,1.0,,,0.9911392405063292,0.0036904758828134,
702,GunPointAgeSpan,,0.9,,,0.990506329113924,0.0034665984652225,
703,GunPointAgeSpan,,0.8,,,0.9924050632911392,0.0032272275402485,
704,GunPointAgeSpan,,0.7,,,0.9917721518987342,0.0025316455696202,
705,GunPointAgeSpan,,0.6,,,0.9911392405063292,0.0041982592282979,
706,GunPointAgeSpan,,0.5,,,0.9911392405063292,0.0023681375865657,
707,GunPointAgeSpan,,,,,0.9930379746835442,0.0036904758828134,[5]
708,GunPointAgeSpan,,,,,0.9936708860759492,0.0040028831141371,[7]
709,GunPointAgeSpan,,,,,0.9898734177215188,0.0050632911392404,[9]
710,GunPointAgeSpan,,,,,0.989240506329114,0.0042926139133704,[11]
711,GunPointAgeSpan,,,,,0.9943037974683544,0.0036904758828134,"[5, 7, 9]"
712,GunPointAgeSpan,,,,,0.9911392405063292,0.0041982592282979,"[7, 9, 11]"
713,GunPointAgeSpan,,,,"[0, 5]",0.9943037974683544,0.0036904758828134,
714,GunPointAgeSpan,,,,"[5, 10]",0.9936708860759492,0.0028304657943035,
715,GunPointAgeSpan,,,,"[10, 15]",0.990506329113924,0.0040028831141371,
716,GunPointAgeSpan,,,,"[15, 20]",0.9898734177215188,0.0036904758828134,
717,GunPointAgeSpan,,,,"[0, 10]",0.9949367088607596,0.0025316455696202,
718,GunPointAgeSpan,,,,"[5, 15]",0.990506329113924,0.0028304657943034,
719,GunPointAgeSpan,,,,"[10, 20]",0.9911392405063292,0.0036904758828134,
720,Strawberry,100.0,,,,0.9648648648648648,0.0066202425480626,
721,Strawberry,1000.0,,,,0.9778378378378376,0.0060192047165729,
722,Strawberry,10000.0,,,,0.9805405405405404,0.0031518658891055,
723,Strawberry,20000.0,,,,0.9789189189189192,0.0039721455288376,
724,Strawberry,30000.0,,,,0.9794594594594594,0.0013240485096125,
725,Strawberry,,1.0,,,0.9794594594594596,0.0036661243152028,
726,Strawberry,,0.9,,,0.9810810810810812,0.0034186785515334,
727,Strawberry,,0.8,,,0.9789189189189188,0.0035855403138977,
728,Strawberry,,0.7,,,0.9789189189189188,0.0043243243243243,
729,Strawberry,,0.6,,,0.9805405405405404,0.0031518658891055,
730,Strawberry,,0.5,,,0.9778378378378376,0.0031518658891055,
731,Strawberry,,,,,0.9789189189189188,0.0035855403138977,[5]
732,Strawberry,,,,,0.9772972972972972,0.004391372110614,[7]
733,Strawberry,,,,,0.9789189189189188,0.0039721455288375,[9]
734,Strawberry,,,,,0.9789189189189188,0.0031518658891055,[11]
735,Strawberry,,,,,0.98,0.0032432432432432,"[5, 7, 9]"
736,Strawberry,,,,,0.9789189189189188,0.0052407349809906,"[7, 9, 11]"
737,Strawberry,,,,"[0, 5]",0.9783783783783784,0.0017093392757666,
738,Strawberry,,,,"[5, 10]",0.9794594594594596,0.0036661243152028,
739,Strawberry,,,,"[10, 15]",0.9789189189189188,0.006019204716573,
740,Strawberry,,,,"[15, 20]",0.9816216216216216,0.0031518658891055,
741,Strawberry,,,,"[0, 10]",0.9783783783783784,0.0038221988172245,
742,Strawberry,,,,"[5, 15]",0.9789189189189188,0.0043243243243243,
743,Strawberry,,,,"[10, 20]",0.9794594594594594,0.0027562267641042,
744,HouseTwenty,100.0,,,,0.9445378151260504,0.0136538460582116,
745,HouseTwenty,1000.0,,,,0.9747899159663864,0.0092054211345405,
746,HouseTwenty,10000.0,,,,0.9781512605042018,0.0125769996194082,
747,HouseTwenty,20000.0,,,,0.9764705882352942,0.0097999191510005,
748,HouseTwenty,30000.0,,,,0.9747899159663866,0.0150323897647044,
749,HouseTwenty,,1.0,,,0.9680672268907564,0.0194551880719163,
750,HouseTwenty,,0.9,,,0.9764705882352942,0.0134453781512605,
751,HouseTwenty,,0.8,,,0.9781512605042018,0.0113988739212189,
752,HouseTwenty,,0.7,,,0.9747899159663866,0.0106295047400617,
753,HouseTwenty,,0.6,,,0.9731092436974792,0.017944669331145,
754,HouseTwenty,,0.5,,,0.9680672268907564,0.0194551880719163,
755,HouseTwenty,,,,,0.9512605042016806,0.0097999191510005,[5]
756,HouseTwenty,,,,,0.9747899159663866,0.0140615130509928,[7]
757,HouseTwenty,,,,,0.9731092436974788,0.0144576895244414,[9]
758,HouseTwenty,,,,,0.976470588235294,0.0097999191510005,[11]
759,HouseTwenty,,,,,0.9663865546218486,0.0075161948823522,"[5, 7, 9]"
760,HouseTwenty,,,,,0.9731092436974792,0.0134453781512604,"[7, 9, 11]"
761,HouseTwenty,,,,"[0, 5]",0.9697478991596638,0.0125769996194081,
762,HouseTwenty,,,,"[5, 10]",0.9798319327731092,0.0100840336134453,
763,HouseTwenty,,,,"[10, 15]",0.9747899159663864,0.0159442571100926,
764,HouseTwenty,,,,"[15, 20]",0.9697478991596638,0.0085697806951138,
765,HouseTwenty,,,,"[0, 10]",0.9764705882352942,0.0082335789673384,
766,HouseTwenty,,,,"[5, 15]",0.9731092436974788,0.0171395613902278,
767,HouseTwenty,,,,"[10, 20]",0.9781512605042018,0.0113988739212189,
768,SmallKitchenAppliances,100.0,,,,0.7978666666666667,0.0189614814236065,
769,SmallKitchenAppliances,1000.0,,,,0.8165333333333333,0.0101753514817807,
770,SmallKitchenAppliances,10000.0,,,,0.8250666666666667,0.0049459298642643,
771,SmallKitchenAppliances,20000.0,,,,0.8229333333333333,0.0057441757942768,
772,SmallKitchenAppliances,30000.0,,,,0.8245333333333333,0.0078019940471081,
773,SmallKitchenAppliances,,1.0,,,0.8170666666666667,0.0110078759682934,
774,SmallKitchenAppliances,,0.9,,,0.8271999999999998,0.0059389486536853,
775,SmallKitchenAppliances,,0.8,,,0.8197333333333333,0.006444291185917,
776,SmallKitchenAppliances,,0.7,,,0.8213333333333332,0.0096884811331119,
777,SmallKitchenAppliances,,0.6,,,0.8245333333333333,0.006829999186595,
778,SmallKitchenAppliances,,0.5,,,0.8240000000000001,0.0084327404271156,
779,SmallKitchenAppliances,,,,,0.8149333333333333,0.0059866518188383,[5]
780,SmallKitchenAppliances,,,,,0.8154666666666666,0.0146448322322623,[7]
781,SmallKitchenAppliances,,,,,0.8170666666666666,0.0076547733836838,[9]
782,SmallKitchenAppliances,,,,,0.8208,0.0124393640423366,[11]
783,SmallKitchenAppliances,,,,,0.8144,0.0080177580684655,"[5, 7, 9]"
784,SmallKitchenAppliances,,,,,0.8266666666666665,0.0044621868081817,"[7, 9, 11]"
785,SmallKitchenAppliances,,,,"[0, 5]",0.8234666666666666,0.0048880807412862,
786,SmallKitchenAppliances,,,,"[5, 10]",0.8245333333333335,0.0035377331097124,
787,SmallKitchenAppliances,,,,"[10, 15]",0.8213333333333332,0.0044621868081817,
788,SmallKitchenAppliances,,,,"[15, 20]",0.8176,0.0072736969050591,
789,SmallKitchenAppliances,,,,"[0, 10]",0.8261333333333333,0.0097470223373317,
790,SmallKitchenAppliances,,,,"[5, 15]",0.8208,0.0072344853153336,
791,SmallKitchenAppliances,,,,"[10, 20]",0.8224,0.0070754662194248,
792,PigCVP,100.0,,,,0.725,0.04916085781217,
793,PigCVP,1000.0,,,,0.8673076923076923,0.0127562491936745,
794,PigCVP,10000.0,,,,0.8865384615384615,0.0103560861675663,
795,PigCVP,20000.0,,,,0.8846153846153847,0.0145824527770222,
796,PigCVP,30000.0,,,,0.8884615384615385,0.0130429422752409,
797,PigCVP,,1.0,,,0.8961538461538462,0.0156822177214423,
798,PigCVP,,0.9,,,0.8923076923076924,0.0123885564680049,
799,PigCVP,,0.8,,,0.876923076923077,0.0216292728446192,
800,PigCVP,,0.7,,,0.8634615384615385,0.0248143998087768,
801,PigCVP,,0.6,,,0.8625,0.0205328427923679,
802,PigCVP,,0.5,,,0.8490384615384615,0.0246274009132032,
803,PigCVP,,,,,0.8875,0.0170926815717607,[5]
804,PigCVP,,,,,0.8913461538461538,0.0116183134361486,[7]
805,PigCVP,,,,,0.8826923076923077,0.0147714341305165,[9]
806,PigCVP,,,,,0.8798076923076923,0.0163744099672369,[11]
807,PigCVP,,,,,0.8875,0.0162610908896997,"[5, 7, 9]"
808,PigCVP,,,,,0.8875,0.0120096115353815,"[7, 9, 11]"
809,PigCVP,,,,"[0, 5]",0.901923076923077,0.0141316715929798,
810,PigCVP,,,,"[5, 10]",0.8846153846153847,0.0194696699339582,
811,PigCVP,,,,"[10, 15]",0.8798076923076923,0.0172005229038445,
812,PigCVP,,,,"[15, 20]",0.8759615384615385,0.015623150778146,
813,PigCVP,,,,"[0, 10]",0.9009615384615384,0.0112133690285486,
814,PigCVP,,,,"[5, 15]",0.885576923076923,0.0119323785057604,
815,PigCVP,,,,"[10, 20]",0.876923076923077,0.0224679258568229,
816,Symbols,100.0,,,,0.9485427135678391,0.0147625841422943,
817,Symbols,1000.0,,,,0.9561809045226132,0.0117995257257802,
818,Symbols,10000.0,,,,0.9561809045226132,0.0167402314079654,
819,Symbols,20000.0,,,,0.9563819095477386,0.0172279013766561,
820,Symbols,30000.0,,,,0.9563819095477386,0.0166312680148241,
821,Symbols,,1.0,,,0.9503517587939696,0.0142359245906538,
822,Symbols,,0.9,,,0.9567839195979898,0.0163049646558176,
823,Symbols,,0.8,,,0.957788944723618,0.0167812112279331,
824,Symbols,,0.7,,,0.9587939698492464,0.0171267605259423,
825,Symbols,,0.6,,,0.9571859296482412,0.0163495070614373,
826,Symbols,,0.5,,,0.9549748743718594,0.0178589316834099,
827,Symbols,,,,,0.96321608040201,0.0098389855280566,[5]
828,Symbols,,,,,0.955778894472362,0.0173261201523697,[7]
829,Symbols,,,,,0.967035175879397,0.0107194304530439,[9]
830,Symbols,,,,,0.9666331658291458,0.0116235837546138,[11]
831,Symbols,,,,,0.955577889447236,0.0169178897788951,"[5, 7, 9]"
832,Symbols,,,,,0.955577889447236,0.0169536746805704,"[7, 9, 11]"
833,Symbols,,,,"[0, 5]",0.9581909547738692,0.0165338088222543,
834,Symbols,,,,"[5, 10]",0.9563819095477386,0.0162503581358052,
835,Symbols,,,,"[10, 15]",0.9547738693467336,0.0171973866421768,
836,Symbols,,,,"[15, 20]",0.9543718592964824,0.0168004612614809,
837,Symbols,,,,"[0, 10]",0.9575879396984924,0.016989384208334,
838,Symbols,,,,"[5, 15]",0.9563819095477386,0.0169322128149971,
839,Symbols,,,,"[10, 20]",0.9559798994974872,0.0186880631946443,
840,SyntheticControl,100.0,,,,0.9666666666666668,0.0081649658092772,
841,SyntheticControl,1000.0,,,,0.986,0.0053333333333333,
842,SyntheticControl,10000.0,,,,0.9873333333333332,0.0013333333333333,
843,SyntheticControl,20000.0,,,,0.9886666666666668,0.0026666666666666,
844,SyntheticControl,30000.0,,,,0.9893333333333332,0.0024944382578492,
845,SyntheticControl,,1.0,,,0.978,0.0016329931618554,
846,SyntheticControl,,0.9,,,0.9873333333333332,0.0024944382578493,
847,SyntheticControl,,0.8,,,0.9893333333333332,0.0024944382578492,
848,SyntheticControl,,0.7,,,0.9933333333333334,0.0021081851067789,
849,SyntheticControl,,0.6,,,0.9953333333333332,0.0033993463423952,
850,SyntheticControl,,0.5,,,0.9953333333333332,0.0016329931618554,
851,SyntheticControl,,,,,0.984,0.0044221663871405,[5]
852,SyntheticControl,,,,,0.9853333333333334,0.0026666666666666,[7]
853,SyntheticControl,,,,,0.9906666666666666,0.0024944382578492,[9]
854,SyntheticControl,,,,,0.9893333333333334,0.0024944382578492,[11]
855,SyntheticControl,,,,,0.9846666666666666,0.0033993463423952,"[5, 7, 9]"
856,SyntheticControl,,,,,0.988,0.0016329931618554,"[7, 9, 11]"
857,SyntheticControl,,,,"[0, 5]",0.9866666666666668,0.0036514837167011,
858,SyntheticControl,,,,"[5, 10]",0.988,0.0016329931618554,
859,SyntheticControl,,,,"[10, 15]",0.9886666666666668,0.0016329931618554,
860,SyntheticControl,,,,"[15, 20]",0.9886666666666668,0.0016329931618554,
861,SyntheticControl,,,,"[0, 10]",0.988,0.0016329931618554,
862,SyntheticControl,,,,"[5, 15]",0.9886666666666668,0.0016329931618554,
863,SyntheticControl,,,,"[10, 20]",0.9886666666666668,0.0026666666666666,
864,UMD,100.0,,,,0.961111111111111,0.0094199027543406,
865,UMD,1000.0,,,,0.9708333333333334,0.0212459146399699,
866,UMD,10000.0,,,,0.975,0.0155902391115581,
867,UMD,20000.0,,,,0.975,0.0161970885967925,
868,UMD,30000.0,,,,0.9763888888888888,0.0155902391115581,
869,UMD,,1.0,,,0.9777777777777776,0.013465777381712,
870,UMD,,0.9,,,0.9777777777777776,0.013465777381712,
871,UMD,,0.8,,,0.975,0.0161970885967925,
872,UMD,,0.7,,,0.975,0.017894581564896,
873,UMD,,0.6,,,0.976388888888889,0.0142994863069264,
874,UMD,,0.5,,,0.9736111111111112,0.0148292753500435,
875,UMD,,,,,0.9708333333333332,0.0177864562150912,[5]
876,UMD,,,,,0.9736111111111112,0.0154660121189722,[7]
877,UMD,,,,,0.9736111111111112,0.0160775512538753,[9]
878,UMD,,,,,0.976388888888889,0.0142994863069263,[11]
879,UMD,,,,,0.975,0.0161970885967925,"[5, 7, 9]"
880,UMD,,,,,0.975,0.0155902391115581,"[7, 9, 11]"
881,UMD,,,,"[0, 5]",0.9736111111111112,0.0154660121189722,
882,UMD,,,,"[5, 10]",0.975,0.0155902391115581,
883,UMD,,,,"[10, 15]",0.9708333333333332,0.0203176928310108,
884,UMD,,,,"[15, 20]",0.9694444444444444,0.0184256932797522,
885,UMD,,,,"[0, 10]",0.975,0.0155902391115581,
886,UMD,,,,"[5, 15]",0.9805555555555556,0.013465777381712,
887,UMD,,,,"[10, 20]",0.972222222222222,0.0191445121556808,
888,Fish,100.0,,,,0.9725714285714286,0.0141824841668466,
889,Fish,1000.0,,,,0.9908571428571428,0.002799416848895,
890,Fish,10000.0,,,,0.9931428571428572,0.0042761798705988,
891,Fish,20000.0,,,,0.9908571428571428,0.0058274508726774,
892,Fish,30000.0,,,,0.9908571428571428,0.0058274508726774,
893,Fish,,1.0,,,0.9908571428571428,0.0058274508726774,
894,Fish,,0.9,,,0.9897142857142855,0.0055988336977901,
895,Fish,,0.8,,,0.989714285714286,0.0066639450226803,
896,Fish,,0.7,,,0.9885714285714288,0.0062596863714876,
897,Fish,,0.6,,,0.9862857142857144,0.0077512342664288,
898,Fish,,0.5,,,0.9828571428571428,0.0062596863714876,
899,Fish,,,,,0.9874285714285712,0.0075808566636694,[5]
900,Fish,,,,,0.992,0.0058274508726774,[7]
901,Fish,,,,,0.9908571428571428,0.0058274508726774,[9]
902,Fish,,,,,0.9920000000000002,0.0058274508726774,[11]
903,Fish,,,,,0.9885714285714288,0.0062596863714876,"[5, 7, 9]"
904,Fish,,,,,0.9908571428571428,0.0058274508726774,"[7, 9, 11]"
905,Fish,,,,"[0, 5]",0.9908571428571428,0.0058274508726774,
906,Fish,,,,"[5, 10]",0.9908571428571428,0.0068571428571428,
907,Fish,,,,"[10, 15]",0.9885714285714288,0.007228063223242,
908,Fish,,,,"[15, 20]",0.9874285714285717,0.0066639450226803,
909,Fish,,,,"[0, 10]",0.992,0.0045714285714285,
910,Fish,,,,"[5, 15]",0.992,0.0045714285714285,
911,Fish,,,,"[10, 20]",0.9897142857142855,0.0066639450226803,
912,Trace,100.0,,,,1.0,0.0,
913,Trace,1000.0,,,,1.0,0.0,
914,Trace,10000.0,,,,1.0,0.0,
915,Trace,20000.0,,,,1.0,0.0,
916,Trace,30000.0,,,,1.0,0.0,
917,Trace,,1.0,,,1.0,0.0,
918,Trace,,0.9,,,1.0,0.0,
919,Trace,,0.8,,,1.0,0.0,
920,Trace,,0.7,,,1.0,0.0,
921,Trace,,0.6,,,1.0,0.0,
922,Trace,,0.5,,,1.0,0.0,
923,Trace,,,,,1.0,0.0,[5]
924,Trace,,,,,1.0,0.0,[7]
925,Trace,,,,,1.0,0.0,[9]
926,Trace,,,,,1.0,0.0,[11]
927,Trace,,,,,1.0,0.0,"[5, 7, 9]"
928,Trace,,,,,1.0,0.0,"[7, 9, 11]"
929,Trace,,,,"[0, 5]",1.0,0.0,
930,Trace,,,,"[5, 10]",1.0,0.0,
931,Trace,,,,"[10, 15]",1.0,0.0,
932,Trace,,,,"[15, 20]",1.0,0.0,
933,Trace,,,,"[0, 10]",1.0,0.0,
934,Trace,,,,"[5, 15]",1.0,0.0,
935,Trace,,,,"[10, 20]",1.0,0.0,
936,Coffee,100.0,,,,0.9928571428571428,0.0142857142857142,
937,Coffee,1000.0,,,,0.9714285714285716,0.0267261241912424,
938,Coffee,10000.0,,,,1.0,0.0,
939,Coffee,20000.0,,,,1.0,0.0,
940,Coffee,30000.0,,,,1.0,0.0,
941,Coffee,,1.0,,,1.0,0.0,
942,Coffee,,0.9,,,1.0,0.0,
943,Coffee,,0.8,,,1.0,0.0,
944,Coffee,,0.7,,,1.0,0.0,
945,Coffee,,0.6,,,0.9928571428571428,0.0142857142857142,
946,Coffee,,0.5,,,1.0,0.0,
947,Coffee,,,,,1.0,0.0,[5]
948,Coffee,,,,,1.0,0.0,[7]
949,Coffee,,,,,1.0,0.0,[9]
950,Coffee,,,,,0.9928571428571428,0.0142857142857142,[11]
951,Coffee,,,,,1.0,0.0,"[5, 7, 9]"
952,Coffee,,,,,1.0,0.0,"[7, 9, 11]"
953,Coffee,,,,"[0, 5]",1.0,0.0,
954,Coffee,,,,"[5, 10]",1.0,0.0,
955,Coffee,,,,"[10, 15]",1.0,0.0,
956,Coffee,,,,"[15, 20]",1.0,0.0,
957,Coffee,,,,"[0, 10]",1.0,0.0,
958,Coffee,,,,"[5, 15]",1.0,0.0,
959,Coffee,,,,"[10, 20]",1.0,0.0,
